{"info":{"year":"2023","version":"1","description":"Exported from roboflow.com","contributor":"","url":"https://public.roboflow.com/object-detection/undefined","date_created":"2023-10-27T09:46:24+00:00"},"licenses":[{"id":1,"url":"https://creativecommons.org/licenses/by/4.0/","name":"CC BY 4.0"}],"categories":[{"id":0,"name":"cars","supercategory":"none"},{"id":1,"name":"wheel","supercategory":"cars"}],"images":[{"id":0,"license":1,"file_name":"pexels-julio-nery-1687147_jpg.rf.d087a0de57895cb9f40c114e042afe76.jpg","height":640,"width":640,"date_captured":"2023-10-27T09:46:24+00:00"},{"id":1,"license":1,"file_name":"pexels-jay-pizzle-3802510_jpg.rf.9246871a0495c970f656c31e4afe125c.jpg","height":640,"width":640,"date_captured":"2023-10-27T09:46:24+00:00"}],"annotations":[{"id":0,"image_id":0,"category_id":1,"bbox":[184,424,62,88.5],"area":5487,"segmentation":[],"iscrowd":0},{"id":1,"image_id":0,"category_id":1,"bbox":[395,422,54.5,71],"area":3869.5,"segmentation":[],"iscrowd":0},{"id":2,"image_id":1,"category_id":1,"bbox":[108,326,94.5,102],"area":9639,"segmentation":[],"iscrowd":0},{"id":3,"image_id":1,"category_id":1,"bbox":[489,315,100.5,119.5],"area":12009.75,"segmentation":[],"iscrowd":0}]}